"ID","year","country","assignment"
"98-134",1998,"Philippines","Asian SEA4"
"98-206",1998,"Philippines","Asian SEA4"
"98-285",1998,"Philippines","Asian SEA4"
"98-286",1998,"Philippines","Asian SEA4"
"AB573762",2006,"Japan","Asian SEA4"
"AB573763",2006,"Japan","Asian SEA4"
"EU086200",1994,"Philippines","Asian SEA4"
"EU086201",1994,"Philippines","Asian SEA4"
"EU086202",1994,"Philippines","Asian SEA4"
"EU086203",2000,"Philippines","Asian SEA4"
"EU086204",2001,"Philippines","Asian SEA4"
"EU086205",2004,"Philippines","Asian SEA4"
"KF620487",2012,"Taiwan","Asian SEA5"
"KF620488",2012,"Taiwan","Asian SEA5"
"KF620489",2013,"Taiwan","Asian SEA5"
"KP860149",2013,"Taiwan","Asian SEA5"
"KP860153",2013,"Taiwan","Asian SEA5"
"KX148259",1994,"Philippines","Asian SEA4"
"KX148260",2004,"Philippines","Asian SEA4"
"KX148261",1994,"Philippines","Asian SEA4"
"KX148262",1994,"Philippines","Asian SEA4"
"KX148263",1994,"Philippines","Asian SEA4"
"LC550018",2019,"Philippines","Asian SEA4"
"LC550019",2019,"Philippines","Asian SEA4"
"LC550020",2019,"Philippines","Asian SEA4"
"LC550021",2019,"Philippines","Asian SEA4"
"LC550022",2019,"Philippines","Asian SEA4"
"LC550023",2019,"Philippines","Asian SEA4"
"LC550024",2019,"Philippines","Asian SEA4"
"LC550025",2019,"Philippines","Asian SEA4"
"LC550026",2019,"Philippines","Asian SEA4"
"LC550027",2019,"Philippines","Asian SEA4"
"LC571945",2006,"Japan","Asian SEA4"
"LC571946",2020,"-","Asian SEA4"
"MN726836",2013,"Philippines","Asian SEA4"
"MN726837",2013,"Philippines","Asian SEA4"
"MN726839",2015,"Philippines","Asian SEA4"
"MN726840",2015,"Philippines","Asian SEA4"
"MN726841",2014,"Philippines","Asian SEA4"
"MN726842",2019,"Philippines","Asian SEA4"
"MN726843",2012,"Philippines","Asian SEA4"
"MN726845",2012,"Philippines","Asian SEA4"
"MN726848",2016,"Philippines","Asian SEA4"
"MN726850",2015,"Philippines","Asian SEA4"
"MN726852",2018,"Philippines","Asian SEA4"
"MN726854",2015,"Philippines","Asian SEA4"
"MN726855",2016,"Philippines","Asian SEA4"
"MN726856",2012,"Philippines","Asian SEA4"
"MN726858",2016,"Philippines","Asian SEA4"
"MN726860",2018,"Philippines","Asian SEA4"
"MN726861",2015,"Philippines","Asian SEA4"
"MN726862",2013,"Philippines","Asian SEA4"
"MN726866",2014,"Philippines","Asian SEA4"
"MN726870",2014,"Philippines","Asian SEA4"
"MN726873",2014,"Philippines","Asian SEA4"
"MN726874",2012,"Philippines","Asian SEA4"
"MN726875",2018,"Philippines","Asian SEA4"
"MN726876",2018,"Philippines","Asian SEA4"
"MN726879",2012,"Philippines","Asian SEA4"
"MN726880",2019,"Philippines","Asian SEA4"
"MN726881",2015,"Philippines","Asian SEA4"
"MN857167",2019,"Philippines","Asian SEA4"
"MN857168",2019,"Philippines","Asian SEA4"
"MN857169",2019,"Philippines","Asian SEA4"
"MN857170",2019,"Philippines","Asian SEA4"
"MN857171",2019,"Philippines","Asian SEA4"
"153",2018,"Philippines","Asian SEA4"
"4A-22-104",2022,"Philippines","Asian SEA4"
"4A-22-171",2022,"Philippines","Asian SEA4"
"4A-22-203",2022,"Philippines","Asian SEA4"
"4A-22-40",2022,"Philippines","Asian SEA4"
"4A-22-98",2022,"Philippines","Asian SEA4"
"4B-21-126",2021,"Philippines","Asian SEA4"
"4B-21-29",2021,"Philippines","Asian SEA4"
"4B-21-310",2021,"Philippines","Asian SEA4"
"4B-21-35",2021,"Philippines","Asian SEA4"
"4B-21-412",2021,"Philippines","Asian SEA4"
"4B-21-421",2021,"Philippines","Asian SEA4"
"4B-21-423",2021,"Philippines","Asian SEA4"
"4B-21-528",2021,"Philippines","Asian SEA4"
"4B-21622",2022,"Philippines","Asian SEA4"
"4B-22-114",2022,"Philippines","Asian SEA4"
"4B-22-13",2022,"Philippines","Asian SEA4"
"4B-22-15",2022,"Philippines","Asian SEA4"
"4B-22-16",2022,"Philippines","Asian SEA4"
"4B-22-17",2022,"Philippines","Asian SEA4"
"4B-22-20",2022,"Philippines","Asian SEA4"
"4B-22-21",2022,"Philippines","Asian SEA4"
"4B-22-28",2022,"Philippines","Asian SEA4"
"4B-22-30",2022,"Philippines","Asian SEA4"
"4B-22-31",2022,"Philippines","Asian SEA4"
"4B-22-35",2022,"Philippines","Asian SEA4"
"4B-22-37",2022,"Philippines","Asian SEA4"
"4B-22-39",2022,"Philippines","Asian SEA4"
"4B-22-40",2022,"Philippines","Asian SEA4"
"4B-22-41",2022,"Philippines","Asian SEA4"
"4B-22-42",2022,"Philippines","Asian SEA4"
"4B-22-44",2022,"Philippines","Asian SEA4"
"4B-22-45",2022,"Philippines","Asian SEA4"
"4B-23-01",2023,"Philippines","Asian SEA4"
"4B-23-02",2023,"Philippines","Asian SEA4"
"4B-23-03",2023,"Philippines","Asian SEA4"
"4B-23-04",2023,"Philippines","Asian SEA4"
"4B-23-05",2023,"Philippines","Asian SEA4"
"4B-23-06",2023,"Philippines","Asian SEA4"
"4B-23-07",2023,"Philippines","Asian SEA4"
"4B-23-11",2023,"Philippines","Asian SEA4"
"4B-23-12",2023,"Philippines","Asian SEA4"
"4B-23-13",2023,"Philippines","Asian SEA4"
"4B-23-15",2023,"Philippines","Asian SEA4"
"4B-23-16",2023,"Philippines","Asian SEA4"
"4B-23-17",2023,"Philippines","Asian SEA4"
"4B-23-19",2023,"Philippines","Asian SEA4"
"4B-2422",2022,"Philippines","Asian SEA4"
"4B-2922HM",2022,"Philippines","Asian SEA4"
"4B-2922JG",2022,"Philippines","Asian SEA4"
"H-23-011Sa_11",2023,"Philippines","Asian SEA4"
"H-23-011Sk_12",2023,"Philippines","Asian SEA4"
"R1-21-148",2021,"Philippines","Asian SEA4"
"R10-688",2021,"Philippines","Asian SEA4"
"R10-711",2021,"Philippines","Asian SEA4"
"R10-714",2021,"Philippines","Asian SEA4"
"R10-824",2021,"Philippines","Asian SEA4"
"R10-856",2021,"Philippines","Asian SEA4"
"R10-907",2021,"Philippines","Asian SEA4"
"R10-920",2021,"Philippines","Asian SEA4"
"R10-989",2021,"Philippines","Asian SEA4"
"R10-990",2021,"Philippines","Asian SEA4"
"R11-21-61",2021,"Philippines","Asian SEA4"
"R11-21-63",2021,"Philippines","Asian SEA4"
"R11-22-002",2022,"Philippines","Asian SEA4"
"R2-081",2020,"Philippines","Asian SEA4"
"R2-22-5302",2022,"Philippines","Asian SEA4"
"R2-22-5814",2022,"Philippines","Asian SEA4"
"R2-22-84711",2022,"Philippines","Asian SEA4"
"R2-22-8924",2022,"Philippines","Asian SEA4"
"R3-731",2021,"Philippines","Asian SEA4"
"R5-22-09",2022,"Philippines","Asian SEA4"
"R5-21-115",2021,"Philippines","Asian SEA4"
"R5-21-119",2021,"Philippines","Asian SEA4"
"R5-21-128",2021,"Philippines","Asian SEA4"
"R5-21-132",2021,"Philippines","Asian SEA4"
"R5-21-136",2021,"Philippines","Asian SEA4"
"R5-21-140",2021,"Philippines","Asian SEA4"
"R5-22-008",2022,"Philippines","Asian SEA4"
"R6-21-4375",2021,"Philippines","Asian SEA4"
"R6-21-4511",2021,"Philippines","Asian SEA4"
"R6-21-4600",2021,"Philippines","Asian SEA4"
"R6-4342",2021,"Philippines","Asian SEA4"
"R6-4568",2021,"Philippines","Asian SEA4"
"R7-21-161",2021,"Philippines","Asian SEA4"
"R9-010",2020,"Philippines","Asian SEA4"
"R9-074",2021,"Philippines","Asian SEA4"
"R9-089",2021,"Philippines","Asian SEA4"
"R9-105",2021,"Philippines","Asian SEA4"
"RADDL1-16-153",2016,"Philippines","Asian SEA4"
"RADDL1-16-166",2016,"Philippines","Asian SEA4"
"RADDL3-1045",2015,"Philippines","Asian SEA4"
"RADDL3-15-172",2015,"Philippines","Asian SEA4"
"RADDL3-16-1008",2016,"Philippines","Asian SEA4"
"RADDL3-16-468",2016,"Philippines","Asian SEA4"
"RADDL3-16-521",2016,"Philippines","Asian SEA4"
"RADDL3-16-627",2016,"Philippines","Asian SEA4"
"RADDL3-845",2015,"Philippines","Asian SEA4"
"RADDL5-005",2015,"Philippines","Asian SEA4"
"Z-04-664",2004,"Philippines","Asian SEA4"
"Z-05-102",2005,"Philippines","Asian SEA4"
"Z-05-191",2005,"Philippines","Asian SEA4"
"Z-05-557",2005,"Philippines","Asian SEA4"
"Z-05-96",2005,"Philippines","Asian SEA4"
"Z-06-150",2006,"Philippines","Asian SEA4"
"Z-06-295",2006,"Philippines","Asian SEA4"
"Z-06-39",2006,"Philippines","Asian SEA4"
"Z-07-07",2007,"Philippines","Asian SEA4"
"Z-07-22",2007,"Philippines","Asian SEA4"
"Z-07-222",2007,"Philippines","Asian SEA4"
"Z-07-351",2007,"Philippines","Asian SEA4"
"Z-07-366",2007,"Philippines","Asian SEA4"
"Z-07-38",2007,"Philippines","Asian SEA4"
"Z-07-387",2007,"Philippines","Asian SEA4"
"Z-07-398",2007,"Philippines","Asian SEA4"
"Z-07-403",2007,"Philippines","Asian SEA4"
"Z-07-407",2007,"Philippines","Asian SEA4"
"Z-08-351",2007,"Philippines","Asian SEA4"
"Z-08-359",2007,"Philippines","Asian SEA4"
"Z-09-94",2009,"Philippines","Asian SEA4"
"Z-12-012",2012,"Philippines","Asian SEA4"
"Z-12-029",2012,"Philippines","Asian SEA4"
"Z-12-034",2012,"Philippines","Asian SEA4"
"Z-12-060",2012,"Philippines","Asian SEA4"
"Z-12-149",2012,"Philippines","Asian SEA4"
"Z-12-208",2012,"Philippines","Asian SEA4"
"Z-13-020",2013,"Philippines","Asian SEA4"
"Z-13-032",2013,"Philippines","Asian SEA4"
"Z-13-036",2013,"Philippines","Asian SEA4"
"Z-13-037",2013,"Philippines","Asian SEA4"
"Z-13-065",2013,"Philippines","Asian SEA4"
"Z-13-066",2013,"Philippines","Asian SEA4"
"Z-13-071",2013,"Philippines","Asian SEA4"
"Z-13-073",2013,"Philippines","Asian SEA4"
"Z-13-081",2013,"Philippines","Asian SEA4"
"Z-13-086",2013,"Philippines","Asian SEA4"
"Z-13-089",2013,"Philippines","Asian SEA4"
"Z-13-094",2013,"Philippines","Asian SEA4"
"Z-13-096",2013,"Philippines","Asian SEA4"
"Z-13-098",2013,"Philippines","Asian SEA4"
"Z-13-134",2013,"Philippines","Asian SEA4"
"Z-13-135",2013,"Philippines","Asian SEA4"
"Z-13-161",2013,"Philippines","Asian SEA4"
"Z-13-171",2013,"Philippines","Asian SEA4"
"Z-13-184",2013,"Philippines","Asian SEA4"
"Z-13-204",2013,"Philippines","Asian SEA4"
"Z-13-216",2013,"Philippines","Asian SEA4"
"Z-13-234",2013,"Philippines","Asian SEA4"
"Z-13-259",2013,"Philippines","Asian SEA4"
"Z-14-023",2014,"Philippines","Asian SEA4"
"Z-14-033",2014,"Philippines","Asian SEA4"
"Z-14-05",2014,"Philippines","Asian SEA4"
"Z-14-058",2014,"Philippines","Asian SEA4"
"Z-14-098",2014,"Philippines","Asian SEA4"
"Z-14-101",2014,"Philippines","Asian SEA4"
"Z-14-106",2014,"Philippines","Asian SEA4"
"Z-14-126",2014,"Philippines","Asian SEA4"
"Z-14-136",2014,"Philippines","Asian SEA4"
"Z-14-142",2014,"Philippines","Asian SEA4"
"Z-14-182",2014,"Philippines","Asian SEA4"
"Z-14-243",2014,"Philippines","Asian SEA4"
"Z-15-001",2015,"Philippines","Asian SEA4"
"Z-15-009",2015,"Philippines","Asian SEA4"
"Z-15-163",2015,"Philippines","Asian SEA4"
"Z-16-082",2016,"Philippines","Asian SEA4"
"Z-16-150",2016,"Philippines","Asian SEA4"
"Z-16-151",2016,"Philippines","Asian SEA4"
"Z-16-196",2016,"Philippines","Asian SEA4"
"Z-16-209",2016,"Philippines","Asian SEA4"
"Z-16-210",2016,"Philippines","Asian SEA4"
"Z-16-211",2016,"Philippines","Asian SEA4"
"Z-17-046",2017,"Philippines","Asian SEA4"
"Z-17-174",2017,"Philippines","Asian SEA4"
"Z-17-177",2017,"Philippines","Asian SEA4"
"Z-17-193",2017,"Philippines","Asian SEA4"
"Z-17-200",2017,"Philippines","Asian SEA4"
"Z-17-217",2017,"Philippines","Asian SEA4"
"Z-17-221",2017,"Philippines","Asian SEA4"
"Z-17-57",2017,"Philippines","Asian SEA4"
"Z-18-001",2018,"Philippines","Asian SEA4"
"Z-18-114",2018,"Philippines","Asian SEA4"
"Z-18-159",2018,"Philippines","Asian SEA4"
"Z-18-224",2018,"Philippines","Asian SEA4"
"Z-18-251",2018,"Philippines","Asian SEA4"
"Z-19-029",2019,"Philippines","Asian SEA4"
"Z-19-123",2019,"Philippines","Asian SEA4"
"Z-19-136",2019,"Philippines","Asian SEA4"
"Z-19-88",2019,"Philippines","Asian SEA4"
"Z-20-01",2020,"Philippines","Asian SEA4"
"Z-20-110",2020,"Philippines","Asian SEA4"
"Z-20-24",2020,"Philippines","Asian SEA4"
"Z-20-33",2020,"Philippines","Asian SEA4"
"Z-20-51",2020,"Philippines","Asian SEA4"
"Z-22-103",2022,"Philippines","Asian SEA4"
"Z-22-119",2022,"Philippines","Asian SEA4"
"Z-22-121",2022,"Philippines","Asian SEA4"
"Z-23-01",2023,"Philippines","Asian SEA4"
"Z-23-01Sa",2023,"Philippines","Asian SEA4"
"Z-98-1061",1998,"Philippines","Asian SEA4"
"Z-98-134",1998,"Philippines","Asian SEA4"
"Z-98-206",1998,"Philippines","Asian SEA4"
"Z-98-285",1998,"Philippines","Asian SEA4"
"Z-98-286",1998,"Philippines","Asian SEA4"
"Z-98-335",1998,"Philippines","Asian SEA4"
"Z-98-433",1998,"Philippines","Asian SEA4"
"Z-98-454",1998,"Philippines","Asian SEA4"
"Z-98-515",1998,"Philippines","Asian SEA4"
"Z-98-616",1998,"Philippines","Asian SEA4"
"Z-98-667",1998,"Philippines","Asian SEA4"
"Z-98-712",1998,"Philippines","Asian SEA4"
"Z-98-718",1998,"Philippines","Asian SEA4"
"Z-98-780",1998,"Philippines","Asian SEA4"
"Z-98-823",1998,"Philippines","Asian SEA4"
"Z-98-838",1998,"Philippines","Asian SEA4"
"Z-98-860",1998,"Philippines","Asian SEA4"
"CAR-22-018",2022,"Philippines","Asian SEA4"
"CAR-22-020",2022,"Philippines","Asian SEA4"
